Apple 아이폰 13 256GB [자급제],"1,143,900원",https://cr.shopping.naver.com/adcr.nhn?x=DTxjHWCKSRi%2BozZF93uQ7v%2F%2F%2Fw%3D%3DsFUrSMbVet85uk1C6ACKTIA1jA3w6Gfi0ALjFClBNF71WQE1WikGGRjsm7ORTamZ7IZeoAG5vZrLAm7phPus6rxaAifDK72aI1jsJB3DMNGkZ1wvP76WWX5N7jILz1QlgMzSdEkJ3JGkcD%2BCWRyglJUPg%2F6PYJW9LpCSumzPJoiiI9aZyW4hhCgmcrsQhWGWG%2FjBmTqA4xW4sMIcltjwt3PKAXVfyDB1yTbVYYpYzcFnUHxlEatbmVq7jmztE%2Fyws846Fy1SxcghDNBEMjZpLK4VnoPIbKJ7pImQuJ%2B7DEH3Bz7%2BORHa%2BX777%2F5U82WuF%2FbeTxmE4dHZ5FcAOsg2O4r%2FHUM5G5CPOyEzFqlyK6WP1QQzCLreNp8sjPDBjStixlfxinuJIcXbelONAuMrnG7Yf%2BbLIOSDCVS9MgZI%2BYDNFiBdPxTSuvYOb67FAYBAGCXV2B8r6mc9GdpPVxGCf8Ue%2Beig2o%2Btg3G0msNFep4byNHyBUXwWVD2ki0TxnNzybhH9wEAloUwKKpNfU%2FlKrA3oBWo0xRViKmlusHLeM5ticchwRNwmJ84TyxvjggzFEIOjebg6ZZ4Jk%2Bbb6kwBUJniGZ2ZNRl7byKysre%2Bhp7ke%2FVP%2BgM94BPZkP5YJ%2Bex&nvMid=29029192591&catId=50001519
Apple 아이폰 13 미니 256GB [자급제],"902,100원",https://cr.shopping.naver.com/adcr.nhn?x=Xmm%2FNs56GouvtNxXpcwrMv%2F%2F%2Fw%3D%3DsEluw3jymVIUc%2FdJrdJ7eIMVf51U2qX53l%2F%2Bq644Q%2Fn1hJz9H0Ub4KLvuVTVtNMxMJk70mz77vC1Vj%2FAgZ9K6ALyKl8iRm4XBcYa9CFLnUvLJSEpDdyYJZsSEV%2BSSILJhcKZQbe0Qnf2d2ZSxojkIPsi30QtKP1mA7BYZPpxeJLexWvZfe2todmJfmpbNrXnq057%2FmlbCMWUqQYtn8CmoI7ix7jXt7MNVc9AIu4EfDZlNEwRr%2B3STfYHGn%2FB5b3e4yQcKhQWdECxkc87kRmyYEc58h4QID9AyZ6%2FnEJRRBzpr6kdrp7BvT8OlwZ7P37YyZp%2FuhVWf5tMOyu5R2EADu4AyL%2BcMmdQnKNhzw8FQwQrUQvs8GHq%2Bj7OvUNvyviyxS6nKoqtur6iGShqz9U6FbqmQYK9bV69tGFFws7NAPZUEdLuJh13gFOuABI1Cabywr1zQ3TaGfkdsxOv%2Bp53WSncsz9SaQCgs7V%2F%2B%2F15Qw2jPU6pntGCurhu%2FV8uonTYh5X6MB3JdbnBohOi8QY2msjrtKmjWXzz4Y2LjcC3I%2BJG67qFZNDARYcZkRQNTwYwpfv4pYkwV6e5PPw6oe0n9AOvlN5ZuEIUanJRVj6SeSe9WhZ3SMHTcLlpircdRzUgq1JIslBmdxaTx7xO1%2BPPoWw%3D%3D&nvMid=29030437590&catId=50001519
Apple 아이폰 13 128GB [자급제],"948,300원",https://cr.shopping.naver.com/adcr.nhn?x=wUEZziAq05YfHi5FTZg4Iv%2F%2F%2Fw%3D%3Ds8LqwvsPDDUEfZVF0i9ssaJvLCZE3FkYburAoZafSjmtWQE1WikGGRjsm7ORTamZ7clPaLv9EL3mZ3MxFVYujaBaAifDK72aI1jsJB3DMNGkZ1wvP76WWX5N7jILz1QlgMzSdEkJ3JGkcD%2BCWRyglJUPg%2F6PYJW9LpCSumzPJoiiI9aZyW4hhCgmcrsQhWGWG7TgBVo8UmYdzXRq3xjDWuvKAXVfyDB1yTbVYYpYzcFnUHxlEatbmVq7jmztE%2Fyws846Fy1SxcghDNBEMjZpLK4VnoPIbKJ7pImQuJ%2B7DEH3Bz7%2BORHa%2BX777%2F5U82WuFr7NMGHWz9%2BkICdgXgOqvCdqZr1jmwAWFtgXB3pZ698z1QQzCLreNp8sjPDBjStixjQaGLcMmduX4DYWfbsi2VFoO%2FDp4mLijeM28ltrw%2FnJFiBdPxTSuvYOb67FAYBAGicyoxpgWhb%2FJFrbN3vpwU3GwXssWiUWB5AWWes%2FwlZHyNHyBUXwWVD2ki0TxnNzyJtmHLiUwOdsFEOplcPeQD5e15bAVffkoZ1PjbsYNs60RpOFzCbaM6OU97uoPifjrg9e0PvWsPGAV8SXoipknyA8M6XtQu3eVs2RJ%2BU0vz9YdHI8FZtQVGFZJxOyBDKc%2B&nvMid=29030374587&catId=50001519
Apple 아이폰 13 미니 128GB [자급제],"902,500원",https://cr.shopping.naver.com/adcr.nhn?x=G3yjqzxTyISQH6sCABK6Av%2F%2F%2Fw%3D%3Ds1iYtmtM5OXflWaRi5Q7hr1qhwcrvXz5d1bW2%2F5f%2BegJWQE1WikGGRjsm7ORTamZ7pR3V0EZdKU1GFUovV%2FRHmhaAifDK72aI1jsJB3DMNGkZ1wvP76WWX5N7jILz1QlgMzSdEkJ3JGkcD%2BCWRyglJUPg%2F6PYJW9LpCSumzPJoiiI9aZyW4hhCgmcrsQhWGWGoDvSF0ti4vm%2FgippbT9zgPKAXVfyDB1yTbVYYpYzcFnUHxlEatbmVq7jmztE%2Fyws846Fy1SxcghDNBEMjZpLK4VnoPIbKJ7pImQuJ%2B7DEH3Bz7%2BORHa%2BX777%2F5U82WuFPW%2FWhsws%2BmqKZySCwtxb%2FxJjk9VGz9klhaosOkGwaiv1QQzCLreNp8sjPDBjStixjQaGLcMmduX4DYWfbsi2VO8kdsXsQNdKuUottZvasFpFiBdPxTSuvYOb67FAYBAGWR34PGgX21IX5FwB8U%2FAX%2BE%2BfGVX3hhd%2B8lUQoXxvtZD%2FkFMO4s7sTx4sbc7XXXQvaOjGxMtdSZf0nL3LrxHbJro0kdl9nVOS%2BpsB9GKzyVP4PMPHCnudPTZjGRUD3iUwK5IvvuXBQyBDZOK%2BIQItxH%2FbG9elR280jdg8lUD8%2FzHICEQpPL7Rm%2B2fyhjEhHR&nvMid=29030650586&catId=50001519
Apple 아이폰 13 프로 128GB [자급제],"1,350,000원",https://cr.shopping.naver.com/adcr.nhn?x=w2Th0sEwb070%2Fi893HOIZv%2F%2F%2Fw%3D%3DsYP6baJuST1giqvp5dMaiSXnWpOJyVLr7IPu%2FMHQ%2FUyRhJz9H0Ub4KLvuVTVtNMxMgEIqncdyBd1SGmFuojJ7T7yKl8iRm4XBcYa9CFLnUvLJSEpDdyYJZsSEV%2BSSILJhcKZQbe0Qnf2d2ZSxojkIPsi30QtKP1mA7BYZPpxeJLexWvZfe2todmJfmpbNrXnquNUGE%2F8E2Wl6h%2B8WEwxe9bix7jXt7MNVc9AIu4EfDZlNEwRr%2B3STfYHGn%2FB5b3e4yQcKhQWdECxkc87kRmyYEc58h4QID9AyZ6%2FnEJRRBzpr6kdrp7BvT8OlwZ7P37YyZp%2FuhVWf5tMOyu5R2EADuyse%2FP0K%2Bb4HjDB0W9Vj3mfUQvs8GHq%2Bj7OvUNvyviyxS6nKoqtur6iGShqz9U6FboQRNW2r0hfVRzuSl8FF4RgEdLuJh13gFOuABI1Cabywr1zQ3TaGfkdsxOv%2Bp53WSk7gey4ekRfw0je7STy31hzPU6pntGCurhu%2FV8uonTYh5X6MB3JdbnBohOi8QY2mst%2B1jmWGeRJBRkqtWIbzCrI81Gi44tUFH1uRUKbnASPQASIbJJHJxstflUn134TkkJrmcrol2pS6mhu2mSgUekcDfkLIyuldBS3f8m8e6nLmzUhNzs2VE%2B%2Bisqs3JAEppg%3D%3D&nvMid=29030420587&catId=50001519
Apple 아이폰 13 프로 맥스 256GB [자급제],"1,630,000원",https://cr.shopping.naver.com/adcr.nhn?x=yTnGDNKpLq98KWRc74YRoP%2F%2F%2Fw%3D%3DsCIRpatH8Y9ViiM5RrHeuPL5zg1yAzfGY%2FOwCYMZNbu8bsBKbbjTB%2BBCjsLv6tz%2Bj3bVTHC1pOuYU2W%2BtJYUl2EOIZndZBHxVBABiIBARRhEvIU7vpaMlTAEH8Hq9mogOIBKV2utfrj2ny1pd2Lk7rEgAn8lD2%2BxrgblrBqYwPdWug%2B9sjA7rHdeMLkY%2BwIMUBSRNe5ZyGuyhkwLhP0AEuzQZD6UDT51Dg8nNb9lI8fV%2BFLPJmN7kd5F0maTGsL0cf2xWeSCBemyBXMfOSc8uJ1TfKyIXh6x%2BE%2FOtaVh%2FBn8%2Fa18qhDQ1A%2FKJp3fgBDor391W%2FC1w5SVs2sYtTdFSepPbQMe2u6Y7qcBh6ertUoQVjQCpIk5kx4sJW2hrRfnKYYyQomAOCRwvaXv4BU13v4BwPD7JzBPkkRc75i2yEimZzZyDfGo1SQoYRvXGDzWdJDnYvpfz%2Bh%2BZ6wVz3KJUXsds9B%2BMUzAQtFYI3wiD8cabXOdqtsjsMd83yLMTRkxvFFcURuJXcA9fpBODYEj4uncpFPyXoiGXrZHj5E1KTraF0EhDcfIH19ySBHyhg%2FuuAYTYOqTv%2FsOm0kcFv3bjpA8APQ%2FcTMuLECc0PI5QD1PLaghTwAHCg%2BadoGH6ogtwaGimR4pR27mrh1IoDTOSgA%3D%3D&nvMid=29030294588&catId=50001519
Apple 아이폰 13 프로 256GB [자급제],"1,600,000원",https://cr.shopping.naver.com/adcr.nhn?x=ZWAa8rBOSLpDHzDQydE4FP%2F%2F%2Fw%3D%3DskQ5vPQZgBo9n5tDF8bj8bDm1RE9z2b4yORVj9izZoH5hJz9H0Ub4KLvuVTVtNMxM8YlVEVs4MQh6LvTcDHmZpryKl8iRm4XBcYa9CFLnUvLJSEpDdyYJZsSEV%2BSSILJhcKZQbe0Qnf2d2ZSxojkIPsi30QtKP1mA7BYZPpxeJLexWvZfe2todmJfmpbNrXnq6b4twwZe%2FXnN8SL9cd67Sbix7jXt7MNVc9AIu4EfDZlNEwRr%2B3STfYHGn%2FB5b3e4yQcKhQWdECxkc87kRmyYEc58h4QID9AyZ6%2FnEJRRBzpr6kdrp7BvT8OlwZ7P37YyZp%2FuhVWf5tMOyu5R2EADu%2BAa20DOCkOrxz0iEdvVyL3UQvs8GHq%2Bj7OvUNvyviyxS6nKoqtur6iGShqz9U6Fbqir9Rsf38ulB5eaUrbZtXoEdLuJh13gFOuABI1Cabywr1zQ3TaGfkdsxOv%2Bp53WStb4AIWZANb5yyQmve1CxKvPU6pntGCurhu%2FV8uonTYh5X6MB3JdbnBohOi8QY2msnfDn0gDJeimM6Ku9Z33KZ481Gi44tUFH1uRUKbnASPQZsDrV4Wi1jcE30No0vsrfA67dEEbhIoGfe5hien%2FNTwDfkLIyuldBS3f8m8e6nLmzUhNzs2VE%2B%2Bisqs3JAEppg%3D%3D&nvMid=29030492586&catId=50001519
Apple 아이폰 13 미니 512GB [자급제],"1,320,000원",https://cr.shopping.naver.com/adcr.nhn?x=AVw7jf3BnxfUxfxBxpI0Y%2F%2F%2F%2Fw%3D%3DswNtYXssMyIgfCSIeyUa45amkJ6NfCTcu4%2FvMklG6NjphJz9H0Ub4KLvuVTVtNMxMYir9QkSnloxYYllgJoURmryKl8iRm4XBcYa9CFLnUvLJSEpDdyYJZsSEV%2BSSILJhcKZQbe0Qnf2d2ZSxojkIPsi30QtKP1mA7BYZPpxeJLexWvZfe2todmJfmpbNrXnqsbuGkiliGuKFQrhO3KCkYbix7jXt7MNVc9AIu4EfDZlNEwRr%2B3STfYHGn%2FB5b3e4yQcKhQWdECxkc87kRmyYEc58h4QID9AyZ6%2FnEJRRBzpr6kdrp7BvT8OlwZ7P37YyZp%2FuhVWf5tMOyu5R2EADuwSh0y16w0emD0D9a2uBej3UQvs8GHq%2Bj7OvUNvyviyxS6nKoqtur6iGShqz9U6FbgoPcrS0J7s4UHpLvPNkiegEdLuJh13gFOuABI1Cabywr1zQ3TaGfkdsxOv%2Bp53WSkCBhDVasZAj2bxx%2FJ5c4dDPU6pntGCurhu%2FV8uonTYh5X6MB3JdbnBohOi8QY2msvFvUEbcSxnR7oUFFci7U%2B081Gi44tUFH1uRUKbnASPQq08yIC9q9DVWOYDTyVwfXE3fJlWj1%2F7Go4VjNHOwREwDfkLIyuldBS3f8m8e6nLmzUhNzs2VE%2B%2Bisqs3JAEppg%3D%3D&nvMid=29030296587&catId=50001519
Apple 아이폰 13 프로 맥스 128GB [자급제],"1,799,980원",https://cr.shopping.naver.com/adcr.nhn?x=wH9b7txGI0r%2FgxSiTCbJVv%2F%2F%2Fw%3D%3DsobYR%2FsTaGxX%2FehJJd2aUU5vPbNDKQy49GVsjLByuHDpWQE1WikGGRjsm7ORTamZ7upHD20iej4KEm%2Bhcq0oeChaAifDK72aI1jsJB3DMNGkZ1wvP76WWX5N7jILz1QlgMzSdEkJ3JGkcD%2BCWRyglJUPg%2F6PYJW9LpCSumzPJoiiI9aZyW4hhCgmcrsQhWGWGhHspihOVp8HjBCkc%2F5FPbvKAXVfyDB1yTbVYYpYzcFnUHxlEatbmVq7jmztE%2Fyws846Fy1SxcghDNBEMjZpLK4VnoPIbKJ7pImQuJ%2B7DEH3Bz7%2BORHa%2BX777%2F5U82WuFGxtn4BLOeE%2Bn67VHW4ZwCT%2Fvt298JCjnVgPtOrdq1Ov1QQzCLreNp8sjPDBjStixjQaGLcMmduX4DYWfbsi2VEuOqndcNhlSmkVsiQch3nVFiBdPxTSuvYOb67FAYBAGpxy2zgNMJa1at1GSrSd0QN4u9dXHHCExaTB3By%2FzhJgN%2FOXq06xFLlMCwNDQObjPLcqEhOiscytOptfh0D9%2BAgjRAlcPdTeBYEzTcAf5UDV7Plt3Y3mQNYIKrfNR%2FIPcEs8cFUTVf2EXpmSuc9bAhHJQZ5Efv7QCATDuDcUpExqBAI%2F9sQRO2Am9a%2BRTB%2Fq9QdAiJdwXirBRdnaxfvrBbw%3D%3D&nvMid=29030367587&catId=50001519
Apple 아이폰 13 프로 맥스 1TB [자급제],"1,736,000원",https://cr.shopping.naver.com/adcr.nhn?x=dNW7vPFbhE2sPhFtNmqTJf%2F%2F%2Fw%3D%3DsWhXYhY1QGmebTvUqNZScb7Xedi7ydZ2ytZq15wNnNtkbsBKbbjTB%2BBCjsLv6tz%2BjbaRZjZW%2Bdo47sq9Ep5ySxNI9qyMF0%2B9vo2D5zDltd5EvIU7vpaMlTAEH8Hq9mogOIBKV2utfrj2ny1pd2Lk7rEgAn8lD2%2BxrgblrBqYwPdWug%2B9sjA7rHdeMLkY%2BwIMU5fv1ZtJFi5q7TnE%2BfdMgLTQZD6UDT51Dg8nNb9lI8fV%2BFLPJmN7kd5F0maTGsL0cf2xWeSCBemyBXMfOSc8uJ1TfKyIXh6x%2BE%2FOtaVh%2FBn8%2Fa18qhDQ1A%2FKJp3fgBDor391W%2FC1w5SVs2sYtTdFSesIkIySii47HL9f%2BUlPVt00VjQCpIk5kx4sJW2hrRfnKYYyQomAOCRwvaXv4BU13v%2B8SxnxmnoKSl%2Fxt25Y%2BdUyZzZyDfGo1SQoYRvXGDzWdJDnYvpfz%2Bh%2BZ6wVz3KJUXsds9B%2BMUzAQtFYI3wiD8cZeFvd5PWkdcpwADrJCxojkhOBUHb0ZqO6MTkr8MsJnIfj5%2F9P7BRYsI0%2B0uQbEdBMhETVXqN2C1AFmaddCJy69DWrhHEcp0p%2F%2FKKziu53PdNvSfrxHnUzpP8My1NNB2lGLqUoJmzWM%2F%2F%2BikwNH3VSWy1Vhq%2FH77x9Zlr1IFzyuow%3D%3D&nvMid=29029192590&catId=50001519
Apple 아이폰 13 프로 512GB [자급제],"1,730,000원",https://cr.shopping.naver.com/adcr.nhn?x=jUavu2HDe2mOuw7yHfY4T%2F%2F%2F%2Fw%3D%3DsFvfAQLxtD%2BlIL3lvNWQVB00gVS8n2OiMjRGg5TOxfyVWQE1WikGGRjsm7ORTamZ74%2Bx4g6HDowBfBpkc0iMlQRaAifDK72aI1jsJB3DMNGkZ1wvP76WWX5N7jILz1QlgMzSdEkJ3JGkcD%2BCWRyglJUPg%2F6PYJW9LpCSumzPJoiiI9aZyW4hhCgmcrsQhWGWGidrGyrdYG9xYKiUSnB31wfKAXVfyDB1yTbVYYpYzcFnUHxlEatbmVq7jmztE%2Fyws846Fy1SxcghDNBEMjZpLK4VnoPIbKJ7pImQuJ%2B7DEH3Bz7%2BORHa%2BX777%2F5U82WuF44jIP78d4WogJtKDi4PV1SLjjkwVV0iGLuiYNkn%2BVVz1QQzCLreNp8sjPDBjStixjQaGLcMmduX4DYWfbsi2VFidmhsgNmBUvEBFROKzp7NFiBdPxTSuvYOb67FAYBAGpxy2zgNMJa1at1GSrSd0QE%2BKsiS%2BXqVbgp7r172lWiFD%2FkFMO4s7sTx4sbc7XXXQvaOjGxMtdSZf0nL3LrxHbLvEKias6qCVyAlJ1o5lpwzC0hiHfmfzmAI0X1cC502Kuiz%2BCJA7e3T2GxyhBkwkoiT3nlN1sCouZhiP2MGyoVhXc50eBITwugSNPH3Ok09sVpGw61BSdoQRvEGgfFlc5w%3D%3D&nvMid=29030416587&catId=50001519
Apple 아이폰 13 프로 1TB [자급제],"1,603,700원",https://cr.shopping.naver.com/adcr.nhn?x=oMNTHtYBVwUQolSY4sMOef%2F%2F%2Fw%3D%3DshWqwjkN8evu%2FkXjdpiwRiT1QMnT5r38MZlMUBwYG7opWQE1WikGGRjsm7ORTamZ7%2F5qGxZovAakGfMjwLPsLPhaAifDK72aI1jsJB3DMNGkZ1wvP76WWX5N7jILz1QlgMzSdEkJ3JGkcD%2BCWRyglJUPg%2F6PYJW9LpCSumzPJoiiI9aZyW4hhCgmcrsQhWGWG4P666JAigMTzVZ%2Bn3tMVP%2FKAXVfyDB1yTbVYYpYzcFnUHxlEatbmVq7jmztE%2Fyws846Fy1SxcghDNBEMjZpLK4VnoPIbKJ7pImQuJ%2B7DEH3Bz7%2BORHa%2BX777%2F5U82WuFCUyosVtVnwesqQavubh5n%2Fuj1cAGEzPMw%2FHZCOTTWqn1QQzCLreNp8sjPDBjStixlfxinuJIcXbelONAuMrnG3YM2ZM5kwNW%2B6%2BKIIEB6oFFiBdPxTSuvYOb67FAYBAGpxy2zgNMJa1at1GSrSd0QMqD57D2P1PrRaH8zD%2F9mrolDv77rgQoH8LCOsgmhGGjYvI8NZGDKVgT3owfgSQvZh33Aocu6JcjuxRMaHTCWfJRN64mBm9G8QruBkLDcHT6S%2FGvgWTxgiSNRVAYMGcLOM%2FQBG5yJqYqCD9AiDw666vHICEQpPL7Rm%2B2fyhjEhHR&nvMid=29029192588&catId=50001519
Apple 아이폰 13 미니 128GB [SKT],"189,000원",https://cr.shopping.naver.com/adcr.nhn?x=YT5gg0cwHhb8BdESBBGYN%2F%2F%2F%2Fw%3D%3DsgmwIPO1TyKpqUPCV1phDsuSASC2d8bQgDBVZ6I%2FURNpWQE1WikGGRjsm7ORTamZ7x1AuTyu2kKvOGTPQ7LvnIhaAifDK72aI1jsJB3DMNGkZ1wvP76WWX5N7jILz1QlgMzSdEkJ3JGkcD%2BCWRyglJUPg%2F6PYJW9LpCSumzPJoiiI9aZyW4hhCgmcrsQhWGWGLQLwzeUgKV758%2B%2BDarkXu%2FKAXVfyDB1yTbVYYpYzcFnUHxlEatbmVq7jmztE%2Fyws846Fy1SxcghDNBEMjZpLK4VnoPIbKJ7pImQuJ%2B7DEH3Bz7%2BORHa%2BX777%2F5U82WuF33UnQliMvAyudtxLc72ZUzYJ7Xonr3k3sIeNUGV%2BTX31QQzCLreNp8sjPDBjStixt%2Bg%2BhbaHVn4xble53U4VTff1CLv%2BaIFC8TDF%2F45MadJFiBdPxTSuvYOb67FAYBAGWR34PGgX21IX5FwB8U%2FAX0P7O2UzPI4AlY7SPgnHjDCjriJ8H0NV5nx9%2BVr0aUV23FvRVasu%2BQg3BnUDT5OEjsCS6rlEG5eYHVJYbKbweShicchwRNwmJ84TyxvjggzFJSigDcU5y%2Fy9oM3ZrYPALnly52dkZBSfxRNjNo95aAwOEsHC78VBLnFZh%2FnDobeN&nvMid=29030427586&catId=50000246
Apple 아이폰 13 512GB [자급제],"1,359,150원",https://cr.shopping.naver.com/adcr.nhn?x=cFm5buOSTN3S1iCZegH5OP%2F%2F%2Fw%3D%3DsKVXoK9sY7BhOxXH3gl%2FqqdsY785PqM0CI76GfEeWQ8tWQE1WikGGRjsm7ORTamZ7NYnXRS%2BPx6lMWWAWv%2FUa9BaAifDK72aI1jsJB3DMNGkZ1wvP76WWX5N7jILz1QlgMzSdEkJ3JGkcD%2BCWRyglJUPg%2F6PYJW9LpCSumzPJoiiI9aZyW4hhCgmcrsQhWGWGqtvtxFCaSmTZmhdr9drUvvKAXVfyDB1yTbVYYpYzcFnUHxlEatbmVq7jmztE%2Fyws846Fy1SxcghDNBEMjZpLK4VnoPIbKJ7pImQuJ%2B7DEH3Bz7%2BORHa%2BX777%2F5U82WuFCgAiHL45vSggivlfVU4DBGUib%2BWpRxNmw83SIyeozkn1QQzCLreNp8sjPDBjStixjQaGLcMmduX4DYWfbsi2VDGZOY56fKnxnwyNWnTjfZ1FiBdPxTSuvYOb67FAYBAGZEiQcN5Y62iqKHankNOz3xYP6s1rioT7H%2B%2BpXC8rtNryNHyBUXwWVD2ki0TxnNzy2VVOnErBHmpD28wUrQ7TWBArbqsb9rXiaHjGB8vuyWticchwRNwmJ84TyxvjggzF2O%2FobkzCb4k5XVfwFWrpsjkD7XRupENj6q8NQ5qJM2EOEsHC78VBLnFZh%2FnDobeN&nvMid=29030496586&catId=50001519
Apple 아이폰 13 프로 맥스 512GB [자급제],"1,805,000원",https://cr.shopping.naver.com/adcr.nhn?x=HKg%2F3qhnrar5HqJ5QNSUiP%2F%2F%2Fw%3D%3DsVZPoFS9pkkyH5g14Iq0f6Um1kV9eo5X6zTn%2FFGstfrJWQE1WikGGRjsm7ORTamZ7%2B2q0CScp6axbWGW2A6XuFxaAifDK72aI1jsJB3DMNGkZ1wvP76WWX5N7jILz1QlgMzSdEkJ3JGkcD%2BCWRyglJUPg%2F6PYJW9LpCSumzPJoiiI9aZyW4hhCgmcrsQhWGWGOUisOr%2FsrM0gmiALHeCsDvKAXVfyDB1yTbVYYpYzcFnUHxlEatbmVq7jmztE%2Fyws846Fy1SxcghDNBEMjZpLK4VnoPIbKJ7pImQuJ%2B7DEH3Bz7%2BORHa%2BX777%2F5U82WuF%2F7%2B9nDhMJF4pdw5BaVi43HPQ2kfxvafgdHR8KiKpTyL1QQzCLreNp8sjPDBjStixlfxinuJIcXbelONAuMrnG9L60K7w3RootRi5qyN45X9FiBdPxTSuvYOb67FAYBAGpxy2zgNMJa1at1GSrSd0QLbuzmWacN92LOvitfD%2BwvUN%2FOXq06xFLlMCwNDQObjPLcqEhOiscytOptfh0D9%2BAkk16oed1GXrY9sZ4sGAaI63T9mqFDooBWDpf9a7mqcrEs8cFUTVf2EXpmSuc9bAhPNOvGG65H9nAU4j4zArUAU5755fjXMxDiyVvtLDbvsXHRyPBWbUFRhWScTsgQynPg%3D%3D&nvMid=29029192586&catId=50001519
Apple 아이폰 13 128GB [LG U+],"148,180원",https://cr.shopping.naver.com/adcr.nhn?x=Xv9%2FGAw6WCc%2BGNTBOLCt9%2F%2F%2F%2Fw%3D%3DsS1MZD7ShR4yJNF3TSe8B35Qk3EJrlHFDQW5hKxcFLFYbsBKbbjTB%2BBCjsLv6tz%2Bj5XyuTR%2B3NZgC%2BrVZ%2F%2BfmOpqoMPnH66vKtBh3P89BTZYvIU7vpaMlTAEH8Hq9mogOIBKV2utfrj2ny1pd2Lk7rEgAn8lD2%2BxrgblrBqYwPdWug%2B9sjA7rHdeMLkY%2BwIMUFmk%2BqOAYZ5fpO5tbZSUWBjQZD6UDT51Dg8nNb9lI8fV%2BFLPJmN7kd5F0maTGsL0cf2xWeSCBemyBXMfOSc8uJ1TfKyIXh6x%2BE%2FOtaVh%2FBn8%2Fa18qhDQ1A%2FKJp3fgBDor391W%2FC1w5SVs2sYtTdFSer5KHLm8Ep75wXd2RcT9SZgVjQCpIk5kx4sJW2hrRfnKqwZ9aKCnp%2BOD2OzgCp1jz6Dhpz1Ze4SDpnceUAUy226ZzZyDfGo1SQoYRvXGDzWdJDnYvpfz%2Bh%2BZ6wVz3KJUXv0BXJU5Aov%2BHQLSy8gQIRyE4FQdvRmo7oxOSvwywmchfF5d65j2%2FFl5WUjCeULUDgaR2Jqh2ZAWVGarcIbeTrSIDf9TYDOC4LzgCehLsur5FXd3gzmctLXrQE0OUTVEo0fDmKONbCmBfVY03313ARKFbDf4gHI5rSMJU1BWcIOg&nvMid=29030372586&catId=50000248
Apple 아이폰 13 256GB [LG U+],"272,180원",https://cr.shopping.naver.com/adcr.nhn?x=wkYkEEmmvhaqSXi2pWxdtf%2F%2F%2Fw%3D%3DsC0MytHypf2mkKc%2BV7Ohp1k7u%2FyvnkSqknLcfFQnqEUcbsBKbbjTB%2BBCjsLv6tz%2BjlUH59YEgHqFjQNW3YyLugHKLaTAtCh%2Bqzkt7DkXX7rsvIU7vpaMlTAEH8Hq9mogOIBKV2utfrj2ny1pd2Lk7rEgAn8lD2%2BxrgblrBqYwPdWug%2B9sjA7rHdeMLkY%2BwIMUOYQbPHRk7gx3HlPTUxI7DDQZD6UDT51Dg8nNb9lI8fV%2BFLPJmN7kd5F0maTGsL0cf2xWeSCBemyBXMfOSc8uJ1TfKyIXh6x%2BE%2FOtaVh%2FBn8%2Fa18qhDQ1A%2FKJp3fgBDor391W%2FC1w5SVs2sYtTdFSei7aUdiSCFBDLL8dVtw1%2FioVjQCpIk5kx4sJW2hrRfnKqwZ9aKCnp%2BOD2OzgCp1jz%2FGW2anIyHZIVTotknLDdbKZzZyDfGo1SQoYRvXGDzWdJDnYvpfz%2Bh%2BZ6wVz3KJUXkdSV8PFp%2FMe%2BHpYjkWRFSWE4FQdvRmo7oxOSvwywmchIIZ55pdplXDHuICwkuS4gLkLASkUBCj7nSePK8ziQHWIDf9TYDOC4LzgCehLsur5v67iBjeRsSkv94fvybMJtJ5PLDRvcQ7zIkFAwAovokSFbDf4gHI5rSMJU1BWcIOg&nvMid=29030189588&catId=50000248
Apple 아이폰 13 미니 128GB [LG U+],"99,940원",https://cr.shopping.naver.com/adcr.nhn?x=sOZ4Vi%2FuCLBxvQPngpQdgP%2F%2F%2Fw%3D%3DsVjU9Q6%2BiJ0LiMVC0U2d%2FEQbM58ZqRJSzeD3hTFhjLhxWQE1WikGGRjsm7ORTamZ7%2FbzCJ6rWpXoCdq5ZbLZRihaAifDK72aI1jsJB3DMNGkZ1wvP76WWX5N7jILz1QlgMzSdEkJ3JGkcD%2BCWRyglJUPg%2F6PYJW9LpCSumzPJoiiI9aZyW4hhCgmcrsQhWGWGJotMI0cao4vCmnMLYrRgWPKAXVfyDB1yTbVYYpYzcFnUHxlEatbmVq7jmztE%2Fyws846Fy1SxcghDNBEMjZpLK4VnoPIbKJ7pImQuJ%2B7DEH3Bz7%2BORHa%2BX777%2F5U82WuFIyxpt7pDt3bDDg15WqzDU4hfD6Bj%2BzUVckdkQULszz%2F1QQzCLreNp8sjPDBjStixj1OT%2BvUJUOEzwKKBwf%2FstXQH7giPWipSbhzyJH0f5o1FiBdPxTSuvYOb67FAYBAGWR34PGgX21IX5FwB8U%2FAX9zmytkD7l5LND%2BfWVSSY9qhzDfp6Y5Zq42WobtISlGzczqAKNrj%2B167McFp%2BXTfFo0t9g81YcRQhTJUe9%2BFC5qIDf9TYDOC4LzgCehLsur5hJnixZinkZVkiRK12xPx7cyzR59l0FobYVmVVRmzxwKFbDf4gHI5rSMJU1BWcIOg&nvMid=29030431586&catId=50000248
Apple 아이폰 13 미니 256GB [LG U+],"560,500원",https://cr.shopping.naver.com/adcr.nhn?x=6FEvSwS4NWRDtHMTSV4mdf%2F%2F%2Fw%3D%3DsJMrULw7I4HumYxxrr0RqoF%2FnBgSL6mKL6DzN2QH54kwbsBKbbjTB%2BBCjsLv6tz%2BjbJqD5ywQk9vPKgnG2iyPuBQQg8Ba3jlQhwliKv4MhswvIU7vpaMlTAEH8Hq9mogOIBKV2utfrj2ny1pd2Lk7rEgAn8lD2%2BxrgblrBqYwPdWug%2B9sjA7rHdeMLkY%2BwIMUH9J2IBuyzX11BjOUDWY3GjQZD6UDT51Dg8nNb9lI8fV%2BFLPJmN7kd5F0maTGsL0cf2xWeSCBemyBXMfOSc8uJ1TfKyIXh6x%2BE%2FOtaVh%2FBn8%2Fa18qhDQ1A%2FKJp3fgBDor391W%2FC1w5SVs2sYtTdFSevC68wdKe%2FpfoxcevZrqogUVjQCpIk5kx4sJW2hrRfnKqwZ9aKCnp%2BOD2OzgCp1jz%2FipQBUlUkDfvfJv26TwKpqZzZyDfGo1SQoYRvXGDzWdJDnYvpfz%2Bh%2BZ6wVz3KJUXgQXDLsZddoOLNIdsD1Pd7rpLKfV7lHXkGfYNhWiUOPtINRw1QNF%2FOPJXb5%2B358LYOzbgAC9sMG%2FYhTGZpRzzUKUy967mlSa3mZfqZTLi6DqPGVRaeQkUYy%2FqpdZYD7xcPDGXMsQYrpxxiQ1ORC2O85WhZ3SMHTcLlpircdRzUgq1JIslBmdxaTx7xO1%2BPPoWw%3D%3D&nvMid=29030376589&catId=50000248
Apple 아이폰 13 프로 맥스 256GB [LG U+],"935,180원",https://cr.shopping.naver.com/adcr.nhn?x=sbtHoS9ZnuyPrRnnA35%2Bwv%2F%2F%2Fw%3D%3Ds7S7gneKPWJLv9npRjCl6Epa6H2clXCCTX0jf%2BuioCNxWQE1WikGGRjsm7ORTamZ70HC0y0haqLZfE1F9F%2FVSGhaAifDK72aI1jsJB3DMNGkZ1wvP76WWX5N7jILz1QlgMzSdEkJ3JGkcD%2BCWRyglJUPg%2F6PYJW9LpCSumzPJoiiI9aZyW4hhCgmcrsQhWGWGXQj7EDi%2F5gx5578oQw9R0%2FKAXVfyDB1yTbVYYpYzcFnUHxlEatbmVq7jmztE%2Fyws846Fy1SxcghDNBEMjZpLK4VnoPIbKJ7pImQuJ%2B7DEH3Bz7%2BORHa%2BX777%2F5U82WuFGxtn4BLOeE%2Bn67VHW4ZwCbkUN8aOdnGU%2FKDXmYG9SUf1QQzCLreNp8sjPDBjStixj1OT%2BvUJUOEzwKKBwf%2FstRji830A6xnpZ52pJU%2F4dRpFiBdPxTSuvYOb67FAYBAGpxy2zgNMJa1at1GSrSd0QNv7Ffkwy78LPGKRuNB%2BDa%2F%2FzaVgfXndF2fkBs0qzZTvfpF8bfclcJjAeddKIqLqoCyrd0CRxg0pKnMmtk1KEGaLMFtr79Q3nfgWEmGcAw%2FfuVccoexEXPaKmu235R38NwlZXepTCzmYl8iVlvIqcf4DfkLIyuldBS3f8m8e6nLmzUhNzs2VE%2B%2Bisqs3JAEppg%3D%3D&nvMid=29030190586&catId=50000248
Apple 아이폰 13 프로 256GB [LG U+],"999,890원",https://cr.shopping.naver.com/adcr.nhn?x=O%2FntAziAk89sQezPEeYqCf%2F%2F%2Fw%3D%3DsrsjB1%2Fmw85jhA5s30zeJu90XqIuRjYHucEOMUdsO7xphJz9H0Ub4KLvuVTVtNMxMyNFzCzhGzUE%2BuYo3jDz8v7yKl8iRm4XBcYa9CFLnUvLJSEpDdyYJZsSEV%2BSSILJhcKZQbe0Qnf2d2ZSxojkIPsi30QtKP1mA7BYZPpxeJLexWvZfe2todmJfmpbNrXnqiHryMIa0vOlFa0dwxiKn27ix7jXt7MNVc9AIu4EfDZlNEwRr%2B3STfYHGn%2FB5b3e4yQcKhQWdECxkc87kRmyYEc58h4QID9AyZ6%2FnEJRRBzpr6kdrp7BvT8OlwZ7P37YyZp%2FuhVWf5tMOyu5R2EADuwl1Ua7OdGp7iJ%2Bc7wxxPoHUQvs8GHq%2Bj7OvUNvyviyxeoI3z%2BL14z9v%2Fx%2BL9Zw%2FKkAYb84X6P6evVlwEmIJJLQEdLuJh13gFOuABI1Cabywr1zQ3TaGfkdsxOv%2Bp53WSsISsS%2BCTbLI5Q3DJYN6lKb5YbLlxragaaIQX6kJDBj8D6QkZjCZcMNTR4jeTmX45WJnCB6o6FDLZFIW9Wa0po9RN64mBm9G8QruBkLDcHT64h1RtjV%2BmnQ7RsNx%2Bo9Zo2xXyyOhVlwcJJ8D885oiMvHICEQpPL7Rm%2B2fyhjEhHR&nvMid=29030415586&catId=50000248
Apple 아이폰 13 프로 128GB [SKT],"1,183,300원",https://cr.shopping.naver.com/adcr.nhn?x=YVHul8eFFet1DICc8qRYw%2F%2F%2F%2Fw%3D%3DsmzO%2F3bdrN%2Fly7a3EioFf3lr1Jh4f8QJ6u%2B0Q6r2vRilhJz9H0Ub4KLvuVTVtNMxM1UJSrYyjJU1WyhHkmOJArLyKl8iRm4XBcYa9CFLnUvLJSEpDdyYJZsSEV%2BSSILJhcKZQbe0Qnf2d2ZSxojkIPsi30QtKP1mA7BYZPpxeJLexWvZfe2todmJfmpbNrXnqTzPueF0QA5sK5tSPiYqELLix7jXt7MNVc9AIu4EfDZlNEwRr%2B3STfYHGn%2FB5b3e4yQcKhQWdECxkc87kRmyYEc58h4QID9AyZ6%2FnEJRRBzpr6kdrp7BvT8OlwZ7P37YyZp%2FuhVWf5tMOyu5R2EADu6rUec27c%2F2cu%2F98zH4zQK7UQvs8GHq%2Bj7OvUNvyviyxhh%2FWNHTzEhF8d%2BIm%2By1Uk%2B9pQ5jdM%2FS9V1tSTZXx41UEdLuJh13gFOuABI1Cabywr1zQ3TaGfkdsxOv%2Bp53WSkIDXoT4y%2B%2FsTxIx2GqB%2F3mOQvH8o8WqGbIV7HCGzTKBq5pbhdV%2Bh32WcQ7zNVnJvoMIRzxLf3gVOdkCrAj1EuQBhNg6pO%2F%2Bw6bSRwW%2FduOk0l3oM4Cdrcpf%2Fb8fNqjMDjfs6H0sC1XYU8OmXjFqShHNjqh%2FZemCCOboDhnweAmG&nvMid=29030177588&catId=50000246
Apple 아이폰 13 프로 512GB [LG U+],"988,980원",https://cr.shopping.naver.com/adcr.nhn?x=ROk8KXCk%2BAYtp%2BvGomhCv%2F%2F%2F%2Fw%3D%3DssazvLyeYyYtZtItwKscNw8gHVSN6BX05zAcuETeYbRthJz9H0Ub4KLvuVTVtNMxMuIyV%2BCsWlT1bcGLSdsTrqLyKl8iRm4XBcYa9CFLnUvLJSEpDdyYJZsSEV%2BSSILJhcKZQbe0Qnf2d2ZSxojkIPsi30QtKP1mA7BYZPpxeJLexWvZfe2todmJfmpbNrXnqIsGCGgJXjOrApw75v82D8rix7jXt7MNVc9AIu4EfDZlNEwRr%2B3STfYHGn%2FB5b3e4yQcKhQWdECxkc87kRmyYEc58h4QID9AyZ6%2FnEJRRBzpr6kdrp7BvT8OlwZ7P37YyZp%2FuhVWf5tMOyu5R2EADuxZjhHjQlE5Uzv3ayJHM2szUQvs8GHq%2Bj7OvUNvyviyxeoI3z%2BL14z9v%2Fx%2BL9Zw%2FKgVLeMiVXYeZJHMK4Qy1jbEEdLuJh13gFOuABI1Cabywr1zQ3TaGfkdsxOv%2Bp53WSoxqwZBF0bVSsXUQll%2Baosn5YbLlxragaaIQX6kJDBj8D6QkZjCZcMNTR4jeTmX45SJUy3T%2BIlYQpGEpS867zNNRN64mBm9G8QruBkLDcHT6crgqznHMlepOsBrcyCOp4r2rdnW34myxuIKCRSGhVBTHICEQpPL7Rm%2B2fyhjEhHR&nvMid=29030295586&catId=50000248
Apple 아이폰 13 미니 512GB [LG U+],"448,980원",https://cr.shopping.naver.com/adcr.nhn?x=EtZ5IwIUS8xl4%2BgFv5NOiv%2F%2F%2Fw%3D%3DsznRHRR59kk9SPPaKc61OLv%2FnsauLYSRZeMH4E925ByZWQE1WikGGRjsm7ORTamZ7uytp8KLS6%2BJbX8vsYn0X5RaAifDK72aI1jsJB3DMNGkZ1wvP76WWX5N7jILz1QlgMzSdEkJ3JGkcD%2BCWRyglJUPg%2F6PYJW9LpCSumzPJoiiI9aZyW4hhCgmcrsQhWGWGXCy5AzzvlVMr8iZpAmv1CfKAXVfyDB1yTbVYYpYzcFnUHxlEatbmVq7jmztE%2Fyws846Fy1SxcghDNBEMjZpLK4VnoPIbKJ7pImQuJ%2B7DEH3Bz7%2BORHa%2BX777%2F5U82WuFB0p92fxvJ0PpnJFMktT6N3R6NN3Doj5CW5gpqfrArBz1QQzCLreNp8sjPDBjStixj1OT%2BvUJUOEzwKKBwf%2FstQYatFguehIKnW%2B52tHgcthFiBdPxTSuvYOb67FAYBAGWR34PGgX21IX5FwB8U%2FAX3SvUky3TWlImeub8OCXd0%2BhzDfp6Y5Zq42WobtISlGzjeAT36cSMbm9rziBVBqwuwcnbqwrWaeryWETru0yKn8NauEcRynSn%2F8orOK7nc90bLiuyug324KKrT72aSbDS9teasKkB4DI7qGvovbUhvHLVWGr8fvvH1mWvUgXPK6j&nvMid=29030419586&catId=50000248
Apple 아이폰 13 프로 128GB [LG U+],"1,078,700원",https://cr.shopping.naver.com/adcr.nhn?x=bQo26%2BfIfLvcjyfLwf2Bs%2F%2F%2F%2Fw%3D%3DsJr6dMntfJxzfGFU1udGQAJjyUG7ePLjwKJ%2B90KUkYxUbsBKbbjTB%2BBCjsLv6tz%2Bjz0SJSt3NktuhZspbJMtKosjhKX4in7JBJ3zi0pU8P4IvIU7vpaMlTAEH8Hq9mogOIBKV2utfrj2ny1pd2Lk7rEgAn8lD2%2BxrgblrBqYwPdWug%2B9sjA7rHdeMLkY%2BwIMUAcBTqEozy4pkQ0spRQIsFTQZD6UDT51Dg8nNb9lI8fV%2BFLPJmN7kd5F0maTGsL0cf2xWeSCBemyBXMfOSc8uJ1TfKyIXh6x%2BE%2FOtaVh%2FBn8%2Fa18qhDQ1A%2FKJp3fgBDor391W%2FC1w5SVs2sYtTdFSen%2F2MwXHFUotnFB0AOL3NJ8VjQCpIk5kx4sJW2hrRfnKqwZ9aKCnp%2BOD2OzgCp1jz29RP4ckrtPsVw3BnEL5GUKZzZyDfGo1SQoYRvXGDzWdJDnYvpfz%2Bh%2BZ6wVz3KJUXov5TurvHzcmsFW4yXHzYi3pLKfV7lHXkGfYNhWiUOPtINRw1QNF%2FOPJXb5%2B358LYA7Oj3g%2FdrZv%2BTbmbagMOGy67qFZNDARYcZkRQNTwYwprp3cv8a0rPukeMvdFNfx7O8zUIw8R4z2yYnJOYw2OcgDfkLIyuldBS3f8m8e6nLmzUhNzs2VE%2B%2Bisqs3JAEppg%3D%3D&nvMid=29030175590&catId=50000248
Apple 아이폰 13 512GB [LG U+],"558,180원",https://cr.shopping.naver.com/adcr.nhn?x=GWdqy8jW5uv0xu8PzV2qT%2F%2F%2F%2Fw%3D%3DsCM0dEvadz%2BCXFeIqaegj3KwKWEW8rqIbdsbJnqckj8IbsBKbbjTB%2BBCjsLv6tz%2BjGZQDeWhWESQIhT0HY%2FSsksqW8OJ1AjexcFpRM%2FEpsoMvIU7vpaMlTAEH8Hq9mogOIBKV2utfrj2ny1pd2Lk7rEgAn8lD2%2BxrgblrBqYwPdWug%2B9sjA7rHdeMLkY%2BwIMULoBLs12Lbdpvne%2Fi0%2BJ%2FgTQZD6UDT51Dg8nNb9lI8fV%2BFLPJmN7kd5F0maTGsL0cf2xWeSCBemyBXMfOSc8uJ1TfKyIXh6x%2BE%2FOtaVh%2FBn8%2Fa18qhDQ1A%2FKJp3fgBDor391W%2FC1w5SVs2sYtTdFSeg2akxzZpR3hN9i%2BcpszLs4VjQCpIk5kx4sJW2hrRfnKqwZ9aKCnp%2BOD2OzgCp1jz7jmrmgQ28IVTq4GSO4ZKsmZzZyDfGo1SQoYRvXGDzWdJDnYvpfz%2Bh%2BZ6wVz3KJUXvQXR6%2FqP7fyYs7AV87GWByE4FQdvRmo7oxOSvwywmch%2FV0IQpvnnh0IlYXtFKwA63DZMQdNsAttRvLhOMpdvbyIDf9TYDOC4LzgCehLsur5jbqCPYOoCvt2DZjhBShdnaueB8C7oKG%2F6Nxo68KOecSFbDf4gHI5rSMJU1BWcIOg&nvMid=29030296586&catId=50000248
Apple 아이폰 13 프로 맥스 512GB [LG U+],"1,259,180원",https://cr.shopping.naver.com/adcr.nhn?x=4LHndI9eAa8RL4o4ndua%2BP%2F%2F%2Fw%3D%3DsDTQu7YLaiK7KErwdO4ta4Vm9IwPA47E6a5IEZUpBW%2BAbsBKbbjTB%2BBCjsLv6tz%2Bj2YG61KNSKBBdm2XCcEZmNrDNJ0fI0ymLzyEPJ6adzEUvIU7vpaMlTAEH8Hq9mogOIBKV2utfrj2ny1pd2Lk7rEgAn8lD2%2BxrgblrBqYwPdWug%2B9sjA7rHdeMLkY%2BwIMUeLonWMPrGi0RSJvZfvKEXzQZD6UDT51Dg8nNb9lI8fV%2BFLPJmN7kd5F0maTGsL0cf2xWeSCBemyBXMfOSc8uJ1TfKyIXh6x%2BE%2FOtaVh%2FBn8%2Fa18qhDQ1A%2FKJp3fgBDor391W%2FC1w5SVs2sYtTdFSenFBgyzB9D5Ztx0OImpAM0EVjQCpIk5kx4sJW2hrRfnKqwZ9aKCnp%2BOD2OzgCp1jz%2Fd8vsxL16XFHWX6ZKKXTdaZzZyDfGo1SQoYRvXGDzWdJDnYvpfz%2Bh%2BZ6wVz3KJUXsds9B%2BMUzAQtFYI3wiD8cZlE3yTZ7kdFga0NlZ5aucV8jR8gVF8FlQ9pItE8Zzc8uSvx%2BbyYNIA8k2MpesCUw%2BIxHwHLfehSPCM7%2FeNLQJzYnHIcETcJifOE8sb44IMxbehLSc%2BJRFnfvNF1e07KMZTHJZCaywE6TVuijJCv88XDhLBwu%2FFQS5xWYf5w6G3jQ%3D%3D&nvMid=29030181590&catId=50000248
Apple 아이폰 13 프로 맥스 128GB [LG U+],"1,210,650원",https://cr.shopping.naver.com/adcr.nhn?x=evAmrXv0L9EKPy4mUw3bn%2F%2F%2F%2Fw%3D%3DskP3De0ShpMQ0kGk5FJzImw1qmYSnMO2uQPH9%2Bx9L11NWQE1WikGGRjsm7ORTamZ75n3HcpHklojwxqPyV5t7BhaAifDK72aI1jsJB3DMNGkZ1wvP76WWX5N7jILz1QlgMzSdEkJ3JGkcD%2BCWRyglJUPg%2F6PYJW9LpCSumzPJoiiI9aZyW4hhCgmcrsQhWGWGxThvsaGr%2Fa3dcgYtXiYoe%2FKAXVfyDB1yTbVYYpYzcFnUHxlEatbmVq7jmztE%2Fyws846Fy1SxcghDNBEMjZpLK4VnoPIbKJ7pImQuJ%2B7DEH3Bz7%2BORHa%2BX777%2F5U82WuFkeenxEZzFYVPKEGPlN6JUCiaant035nK8FEuNH%2Frk%2FL1QQzCLreNp8sjPDBjStixj1OT%2BvUJUOEzwKKBwf%2FstVH7IO5mz83fSiUkSXQZVytFiBdPxTSuvYOb67FAYBAGpxy2zgNMJa1at1GSrSd0QN4u9dXHHCExaTB3By%2FzhJj%2FzaVgfXndF2fkBs0qzZTvfpF8bfclcJjAeddKIqLqoGXvUEmOH3uaTYX6h0bg2fChEsyyZxK82MNfaZIqtpISj%2FaM5nVf1rOXk0fVU4woW3B3LKzbALvtutHIOYLRpsdvU2Y6hEEwGxc1AZfON9sL4VRAH%2BsMDObarUodGweR8Q%3D%3D&nvMid=29030352586&catId=50000248
Apple 아이폰 13 mini 자급제 128GB 핑크,"902,500원",https://cr.shopping.naver.com/adcr.nhn?x=h21%2FsaYtfDfxc4%2F9Li412f%2F%2F%2Fw%3D%3DshXQzl%2BSfoaKwDJhfVpJfNy2Dsxu14tdPxXuL1nGpA9BhJz9H0Ub4KLvuVTVtNMxMYp%2BpxR1UVqYy0JvrKI6wt7yKl8iRm4XBcYa9CFLnUvLJSEpDdyYJZsSEV%2BSSILJhcKZQbe0Qnf2d2ZSxojkIPm3JzeXxkSdTecfUR4%2FvRQjd%2BKwjnmE8nmku4yNhWgwhmfLAARyRl0caaiEG3Q2bq3l3njUb1NGDJ1K332mMmYDQ%2BMQn9cirmRmZVqDKkTcUqqe08lTgUbivINHQrFwjt9ci8KTL%2BNmOPw%2BJRE9g%2FOSiublBLPqjBpyMr35wpQywXlgdXZJ6fI3CI%2FO9FoWFbtrrXmlduWe%2BAZyDyutoGkwQhkkHXK4%2FmSRy5icYE%2F27ZC%2BSXUxwyLUckntucAABtVVSqhW2KHdLavu7v4PGFBff5TRm4ebkeqR55xTMCpWjS6nKoqtur6iGShqz9U6Fbk4YTEi5md4lzbvRc%2BmI2POcED4m3eDgP3evEaHPdaQEWgPQjolci7UGm7BT3UCp9hJQbzDhzl7N96qMNcN3hqJSNOMSygo6WSWb8vaHuM8tD08EF1vCEEnyhODcLwsO6kftcjRBRTCWbStRuw3j2s4phM4Xkqwer6KAYBzWkB5n0ciHFnKoorAInR6IWNzoEt6gMHzYgTThyrpo%2BS%2FU%2Bup8svJ0Uc5fy0QiyKM%2FLU%2B3Bq7h9PA5SrIXrcWPClBGWw%3D%3D&nvMid=29619937553&catId=50001519
Apple 아이폰 13 자급제 블루 128GB,"1,080,000원",https://cr.shopping.naver.com/adcr.nhn?x=OJBis14rTfIWRccr3xlnCf%2F%2F%2Fw%3D%3DskONwRoHXpeTGM%2FHlBkhPeagj5cecMjrTc3JMXUyJ%2BIdhJz9H0Ub4KLvuVTVtNMxMFtYj8BC9ZoHbG7ICwPtIALyKl8iRm4XBcYa9CFLnUvLJSEpDdyYJZsSEV%2BSSILJhcKZQbe0Qnf2d2ZSxojkIPm3JzeXxkSdTecfUR4%2FvRQjd%2BKwjnmE8nmku4yNhWgwhmfLAARyRl0caaiEG3Q2bq6UsrdZNxDQb%2BDPWNOX6jNgs%2BnXGkM%2FXvsmAB4CtvjzKOO61CNShjbzWt35o0JoZeW0n4DJhRe1U8IVTDRTVND2iublBLPqjBpyMr35wpQywQtCH53m9cIRTjFXzveDlE9rrXmlduWe%2BAZyDyutoGkwQhkkHXK4%2FmSRy5icYE%2F27BW36r4QZshREfg%2B3vq7RNotfO%2Fma2z0Y13AUCFX1Gyzf5TRm4ebkeqR55xTMCpWjS6nKoqtur6iGShqz9U6FbjWFgXNmTnODIr2AVWJfRuGcED4m3eDgP3evEaHPdaQEKARYJy8Ro5v0GBu8pg%2FYAskO1lApsTkAtv1gxNwBe9Qci9NJ0Y66Cap1A%2F0fq2i6mXRKmr6cgizXDsdcuiljUf%2B2bbKDiEILLajJd7EJ6GnCkd2CpQ%2FahgJeoF%2FR72Turxfqj8YBMievtuCAsOu2wkBod%2FTjYlREu4VDdwtTcepWhZ3SMHTcLlpircdRzUgq1JIslBmdxaTx7xO1%2BPPoWw%3D%3D&nvMid=29619782067&catId=50001519
Apple 아이폰 13 미니 256GB 새제품 미개봉 미개통,"598,000원",https://cr.shopping.naver.com/adcr.nhn?x=45nQdv1pY9je3AdyWe2G0P%2F%2F%2Fw%3D%3DsusoFIWbvAYSsrhJsQRqR0G8lRlOCKLnRL5GZZVaF4lxhJz9H0Ub4KLvuVTVtNMxMEG7YtJ8xUENWzBSHQwgxYLyKl8iRm4XBcYa9CFLnUvLJSEpDdyYJZsSEV%2BSSILJhcKZQbe0Qnf2d2ZSxojkIPjaSZny%2B1MgSfJG5ocTRQNj1rIvubP2%2F%2BNF2sTRY2hEVoG0Y0EOt0S7xpeJu6eKyWQKL4zg5JYcB1t8M3oLrAQ%2Fffisv5tHfoGFh7RH%2BtSaOAFJNLWxG%2Fj2gEfGb7GroeHqpIoZEj67kRm9ikbP4qN3LXkk3%2Fbnggubji8xwdIxtV36ogsAbT2GMBHUreotiQL4Bh1QS46V9%2FU23V0eb1FQODYbGCRxkC%2FtlOl%2BmIUT9CWKtqEzHEmQn5LOdkQ9dKsl4EIe2oh1wmuXBteybzOZpVp%2B8QLFY3MVZUnFZI89YmaFWDSYGIWjtMH8vecTOdPHATW9JGscp1kqmHP3w%2FNZuM8ouSC1Vp4Bk51NBLYYXnglfV%2B%2FNfo%2F9aq8gkqmh6t3v7Lnv2KL6BAAcSOKZ%2B1YhserKl4ET4QC3Pe8yFg3aZX%2FttU504A16jHzZwTuFfQN%2BQsjK6V0FLd%2Fybx7qcubNSE3OzZUT76KyqzckASmm&nvMid=84939758201&catId=50001519
아이폰13 미니 256GB 자급제 새상품,"877,820원",https://cr.shopping.naver.com/adcr.nhn?x=xgABmcN6vROy%2B5RKs6QpvP%2F%2F%2Fw%3D%3Dsbf1CTMBqb1Lh4aSQMqV48ebFknDoThvaxh90sPWQmWEbsBKbbjTB%2BBCjsLv6tz%2BjmJgx3bSfH4qZjRPw21MhHp6ju5SvWgqKr1XBsV8TQ%2BUvIU7vpaMlTAEH8Hq9mogO3ubfyOK70%2FNAie6aIujpoS8ffQLw1x%2F8Lf5s6Y8TBIHXkj%2BZW%2F1lJfgqvRvZaBhRHobLqCowvZoMHdD09Yl1v2s%2BWKGvIrG2mUVoHWWTHF17OpAhvrOnWNal9PebVATC2uteaV25Z74BnIPK62gaTBCGSQdcrj%2BZJHLmJxgT%2FbsFbfqvhBmyFER%2BD7e%2BrtE2pVvoHzgNZr8o9XxXWhVon%2BfUiiwQuvO25suOPFLlj%2FGtL44Dhbvgt7u53DCjVNpVcRRCXdG6IwgSyh2iM6YH%2FIHORR4iSZyt%2BZ9soezygAwo5ehzzqVceISgc5viE%2Bv8ZlcDXn2GHhJi%2BBCoWvD1m3R26cmXygepuWpxN7vMw00JtTwOkt%2Fa3VpMscPhUKJDRqs3WMvvrPeHPwUfYUA6uBohtPjA9PZFWriSd2EhWtT4c2cgB75rarvp68d4UqJQvLAVMzWgwQkqxkUEmuYpG4VsN%2FiAcjmtIwlTUFZwg6A%3D&nvMid=32358707400&catId=50001519
해외아이폰13미니 미국판 직구무음 언락폰공기계자급제 미개봉미활성화,"785,000원",https://cr.shopping.naver.com/adcr.nhn?x=%2BzXcSDkm6zvQ4UIcqXeeyP%2F%2F%2Fw%3D%3Dsnu78kDxazXTYPwfvjA2n9xoIcubsxfYMkGZtlzWaDsEbsBKbbjTB%2BBCjsLv6tz%2BjLI6y1ZejfLzOwcRmNz%2F9vcOcL886nDLvkqioYrLCRfUvIU7vpaMlTAEH8Hq9mogOIBKV2utfrj2ny1pd2Lk7rIZYgwI2fs40XR%2FERq%2FGNyfWK4fiV391hyKbNzjTTmNIVpwqXsgPSetRSvRRkwB2YsOkS65c1TArFYp5UTyGAi784irqoupb5cHtoCFQH9lAJV03cukp%2F9sq6JmLvPVclF5%2FMgN2n4tl%2FeuD9obZbQTDFaJPArzrZmZyYI3r0xbHx72P1MzfeDsyK%2BcBtz34gPftQXsHHfxaCl%2BnOVKM8LsHUpVaeiH8KJ6osbwiuyCVqwYTi7LGEqxrZHuGC4DVVQyrbLszrEPyeB40s2nX3ANvP7NHPT%2FkDxaVfpRVXQ87HOoxR9ywpDv1vYHLkg52dHoSDcvKFj5KB35YpaB%2FBg7Lpm2wewAuZuzU%2B5GnZaIructsdAYT7xzCnW8oNJhYdYlPvCzPSnHWfLUngQ0qQIn8%2FTc0h5sBO2hh2snwtH22G%2BnqFjuVRXF0Aj0i9pWClQshfI%2FXSdC2zYg2wsgS8poSFVzLEC%2FuQjovlTr4aTx6A35CyMrpXQUt3%2FJvHupy5s1ITc7NlRPvorKrNyQBKaY%3D&nvMid=84830466060&catId=50001519
Apple 아이폰13 미니 128GB 자급제 공기계,"787,200원",https://cr.shopping.naver.com/adcr.nhn?x=73Tk5iGQjVG3cGn2W0Pqbv%2F%2F%2Fw%3D%3Ds%2BxrCSMkeOvbKmgSCO3r%2BF2ZFFAd4BW594HBvdxk2vDhhJz9H0Ub4KLvuVTVtNMxM9CEoVvyFBwEQbiD88ejHkbyKl8iRm4XBcYa9CFLnUvLJSEpDdyYJZsSEV%2BSSILJhcKZQbe0Qnf2d2ZSxojkIPrDXn0IDLBCgN%2FK3%2BGwmqM%2BpFjjh%2FGPU%2BK9K7OXF%2BaHk0eX6N0xSuoVW6n8HgFyAbza%2FyPDHWBGxIa3%2FSuaipTwRKreBL72dSz%2FgkaLxmPgHpKqnUfub8mX77b540bMflGBvozsGKuKOevobNYa1JmIHs%2F2PHkpmvWjL2qy1nHubt%2BtXIVzOo1Fx89zzjFERVvv4dy3T2RyPvXE9x8opa5fHvY%2FUzN94OzIr5wG3PfiAVzPb%2BP1ggyBYPol%2FC3JartTY5XktIWWLMysUklK2QIIU0KYvN65q1ZzViC%2BZXQ3UoFJtUXTWpyV24mIFPLOBv%2BKrnislAuu%2BXNXBn%2FYqh3McDEVK3XgmU55ztcx38LwpC%2BAr%2BaPCInYlaeVX%2FUQpH2FAhODL%2FKCVkZ9T6sMSNRR0fSDbPWacYjnpFef5GzFx0eKkrVKaAu3wpTxIEKRdnUH95K1ZGnBohghwSSWlVWsDfkLIyuldBS3f8m8e6nLmzUhNzs2VE%2B%2Bisqs3JAEppg%3D%3D&nvMid=36173583086&catId=50001519
아이폰 13 pro 256GB 자급제 미개봉 새상품,"1,287,810원",https://cr.shopping.naver.com/adcr.nhn?x=Bidtu6K%2BL8Bchh2I9p%2BSXP%2F%2F%2Fw%3D%3Dsk1cqISQIAuTezoTJB22sErrdi2qVaNhfVzGj5kSp8%2B1hJz9H0Ub4KLvuVTVtNMxMfv8emnpPj54fGizUyNxdOLyKl8iRm4XBcYa9CFLnUvLJSEpDdyYJZsSEV%2BSSILJhFg7wu6MrubPP4K4DDV7lqu0JZ4vKXq2xVuFay0gNbwiO%2FsdgQE5FIA0Tw1QMogpFnkAVjTJ7E5Ipn8epL1YsLBjZ6zBSVWKI0jmv1bJC%2BZZJD5b8%2FR6kS2kPEpDKQ2UDYG%2BjOwYq4o56%2Bhs1hrUmYgez%2FY8eSma9aMvarLWce5v8u48%2BWUiK3Lu6fL%2Btcq47LGXdZoe744t9vSPv0lawl5SqpUqVwytEfwE33R4FuWVMkaomPFbLtVywKs6EshZrg%2BTa%2BvIVTXTSUJw%2FJMk74Gm%2BWZ%2B%2FebxNDvJ%2BgQ6CNCJ99aap6n%2BNKw%2Bz5v5A10LcppjOQswGvGY53%2FK25JDrFzulBXMG7WVUNNGPsx5675cE%2F%2BEVx7DtmLyaruokXwut2%2FRmyw1nR2%2FAJR5odRaAYMKR3YKlD9qGAl6gX9HvZO4qf%2Bf8tKxdFrvOu6YF7FEEy1tfTmLJ10HHjza%2FD6JCyVdznR4EhPC6BI08fc6TT2xWkbDrUFJ2hBG8QaB8WVzn&nvMid=32442406186&catId=50001519
아이폰 13 미니 128GB 미개봉 새상품 자급제,"735,380원",https://cr.shopping.naver.com/adcr.nhn?x=oukGPdQ9V0Ai8kKC9VotlP%2F%2F%2Fw%3D%3DsH1QQL%2BKkzB5JrLgvvzZ0dChORCINVGjFw8FF6ouIU6MbsBKbbjTB%2BBCjsLv6tz%2BjYuLYJ12Wp89rgcHpsKd0ZsqW8OJ1AjexcFpRM%2FEpsoMvIU7vpaMlTAEH8Hq9mogO3ubfyOK70%2FNAie6aIujpoS8ffQLw1x%2F8Lf5s6Y8TBIHXkj%2BZW%2F1lJfgqvRvZaBhRfrpvGNB%2FTxjtW1c4hg6pomGIfLLBkLyjQ4T9hyWSeQ17OpAhvrOnWNal9PebVATC2uteaV25Z74BnIPK62gaTBCGSQdcrj%2BZJHLmJxgT%2FbsFbfqvhBmyFER%2BD7e%2BrtE2FS%2Bwk6hymUV%2Bfb71jbZ0G3%2BUucnAxrsG3xHb9QOpCsIcRZJmF%2FA3IxAqUUy9LvTYpTIpLCa1A%2BhKc9ch1xpCku0fDzkeyJ6VkbPpjAtUYZ5H05rvNDz7PzAT4ZyM8uarWa0urtk6Gz1jAPPmq0qDuUEXRM38BVhO7jOH9ZsjLVVFuVrPkkJARiuo992QR%2F2VnFBp1thOKkGnWpb5u212B9Of4i9zFrBXE2548%2F2S161qlm32pJERYKSUG9NxkxX9FqmGaYV7hrWEaaD8NHk84ygZhk7hYer1I4EmyPVxwC5B0CIl3BeKsFF2drF%2B%2BsFv&nvMid=32358602591&catId=50001519
Apple 아이폰 13 프로 맥스 128GB 자급제,"1,498,000원",https://cr.shopping.naver.com/adcr.nhn?x=lLHDaaKvmYc0UcGSxU8fi%2F%2F%2F%2Fw%3D%3DsZys41LYw7NuqPpxXVH61XXYTE1asdTlgkZ%2FI%2Fxzd%2FAZWQE1WikGGRjsm7ORTamZ73ywiaLoIUSkC7bzJgyl8OxaAifDK72aI1jsJB3DMNGkZ1wvP76WWX5N7jILz1QlgMzSdEkJ3JGkcD%2BCWRyglJbuVw3GdaDAvxDSjC3cnt2Z%2F22ms%2BW8TiQQNz%2FOHMMFFyEbSwWlTeVCEEIiijXxiErckptGiXc1XECkj6SkSXVjL%2Fowdnq7%2Fmfq67OVRzok0S5SJNLgIdS1XFCtZ5GETGBpKuTJs590CbK9rWILOhcs4XKwwp9v1IQ258LPHylxQDG4evy%2BM13j64UYOnhTyGZr5Pza9TV%2FbtVHJ875KcCjG%2FX3t%2FKNhLJcWuuhZgRR2m3sm0vyUuysXn74k9VUPTdKPcVZ%2FKrjPa0MWs5Dn6qSSjQnI1jYwAaa1TyaKQ6cosS7FBG%2Fz5OnD6hRirQ8B23CnQrLahiL0WYSQaW8iGkH3wbLpqBjXDZDNaXqT0f3s79brkreO%2Fikl3KeMc96MdM7JTXsMiAoeEMuVHsQXoi%2BedkwvHveY7QQmppLwUb38nLywBF6TPdyrHi5pSyQkVg1QmAmnoJRdq4K9btjkCM0%3D&nvMid=85190132325&catId=50001519
"애플 아이폰 13 미니 128GB 그린 A2628-GR-128 729,000","729,000원",https://cr.shopping.naver.com/adcr.nhn?x=mqQO54lkY27Xu0qdL28mVf%2F%2F%2Fw%3D%3DsPXDnOF0RoflaArkcWgZcrBoshGAxjKDoHRgvdHc6001hJz9H0Ub4KLvuVTVtNMxMLcMUgxlejHmKyyXj0cCeuLyKl8iRm4XBcYa9CFLnUvLJSEpDdyYJZsSEV%2BSSILJhcKZQbe0Qnf2d2ZSxojkIPuPW%2By2waUuTpDXTvXG5AHnE92YagzdPLGfxk7Qk8SvM%2BwVSpNzwwDx%2ByoguzUAt5Q4kfcsOviEumSLTH9LyjYRVXemfpmeX70wC2wQT5nyi5pxiwDZPU40LYzhHX%2FcRv2H2S5yTEauoWIglkyLK35sF84qRpIcakMl%2Fimf4iQdEG1fUqIZ7CTqeNBeEUiuIjdfYJ8PKS3VDk5D11yuAhsHN81WjUpxJVJrN5mDsz4BpfLqDwX4Z8OBT81rUdqGPg9f04SLzEOLuWyApwkiBtsE10IORRGm4wRzK842v8y3KfmWnPrudG%2Fl7TrlK9pZGukW5Ws%2BSQkBGK6j33ZBH%2FZVk6EiaA2fpBviNvaYsUl85sQocLEGGa0wsleHc2pFkrVs7C7QJHhSzD6CKmMnxEamf%2FQZdPpEBiR8LMJHqAdXmb1NmOoRBMBsXNQGXzjfbC%2BFUQB%2FrDAzm2q1KHRsHkfE%3D&nvMid=36085568823&catId=50001519
애플 iPhone 아이폰 13 미니 128GB 256GB 5G 정품 자급제,"576,000원",https://cr.shopping.naver.com/adcr.nhn?x=JkDPm8ih7zXXv8fDnFBe7v%2F%2F%2Fw%3D%3DsjfTr0f8jjvmEeC4h21kSx%2F0FnNsVKpilX64mB4RQzrthJz9H0Ub4KLvuVTVtNMxMsFEG1VMDu%2Fj80z437%2BOV8ryKl8iRm4XBcYa9CFLnUvLJSEpDdyYJZsSEV%2BSSILJhcKZQbe0Qnf2d2ZSxojkIPrDXn0IDLBCgN%2FK3%2BGwmqM%2BpFjjh%2FGPU%2BK9K7OXF%2BaHk0eX6N0xSuoVW6n8HgFyAb1gQZXBwZjC6%2BOEHN%2BGJGdpfmc7AQ28a%2FJgoIFCeU2t8pKqnUfub8mX77b540bMflGBvozsGKuKOevobNYa1JmIHs%2F2PHkpmvWjL2qy1nHubgJaJyS5HPLadYhr847tV8bbm%2BPd5kdYx7B5DQEUoksbHvY%2FUzN94OzIr5wG3PfiAt6Xh06SqJbOInCvLxf2xwemMJztEm3neBS1wKgFyZBgAgF%2BPjmS9wcBM2HdaAJJlEkMqxBi6b4miNKn0ciKPOPYQqGkibKbV6l2KvrAfMOcp8QGRcOG%2FpI%2Fi6jkQZJZiswnw1ZBxo1IYW2sEnlKGAvbKojjugP3picSMRy1asauRz4qc4NqjiaUuvJH3FDbWwpHdgqUP2oYCXqBf0e9k7jAspMH2kpoFz1ggVxUdR0EqrImnuMUmWjevciHX%2BX65V3OdHgSE8LoEjTx9zpNPbFaRsOtQUnaEEbxBoHxZXOc%3D&nvMid=35349446052&catId=50001519
아이폰 13 pro 128GB 자급제 미개봉 새상품,"1,161,840원",https://cr.shopping.naver.com/adcr.nhn?x=sJq8mU2h77s23aMOCiFqiv%2F%2F%2Fw%3D%3DszpIQGZuiN1PmZ%2BBWjVhP8B59i0Aibe4UjtiKhrJ5LOFWQE1WikGGRjsm7ORTamZ7F%2BDVd68YNHruay6DCu52PxaAifDK72aI1jsJB3DMNGkZ1wvP76WWX5N7jILz1QlgF5hI8yeeQiGGApJ8r9SfTbD9cbDzdvBhYP28y8rhu4mr9N9rARz1GwL8SD%2B61y0rk3yUO%2FniAWltixSaTuSZ6CZAroxfgdxXCzQ%2Bd1ONLTDDpEuuXNUwKxWKeVE8hgIu%2FOIq6qLqW%2BXB7aAhUB%2FZQCVdN3LpKf%2FbKuiZi7z1XJQc7PdUl5gs6xemh3X5e%2Bk6Lg90ws6ag4CIuOMVMhUqjl2IIHHyb4ru3xG392XHuz41%2Fm95HnTjnNbafw2dn2BhjB5%2BwQwTWqlzZqCmwHkzL8GECnVO%2BQfskmkZtzrI6e7INT5LLKT%2FKr1DlNA36lH5nV%2F3tTaN3o4%2B0RfveE00nObd7IPwVdH9ThzIlmabD%2FduLXxZBTfUnoJcHr6AAgQo94aYaWeMd295v7TsdYn%2BOHwJeXbnU6mZaLN%2BXPYoRZxvOdJDOtGB6s%2F%2FZwokfBlMI%2F5RYj10q0QoFrmR7Azb5s2OqH9l6YII5ugOGfB4CYY%3D&nvMid=32441925414&catId=50001519
